animal,epoch,cell_num,Deviation_Score,P_val
440,1,1,-0.656060918941023,19.3
440,1,2,0.938045542084921,87.6
440,1,3,0.712058435987755,83.5
440,1,4,-0.530992660328609,24.8
440,1,5,3.57636343680189,99.4
440,1,6,0.477881928406082,73.7
440,1,7,1.63228240344855,95.8
440,1,8,-0.962399861437048,5.5
440,1,9,2.94102785956793,98
440,1,10,-0.171869321085381,43.1
440,1,11,3.82160920099708,99.8
440,1,12,2.60282743782811,98.2
440,1,13,-0.220027987047964,46.2
440,1,14,0.872023735728852,86
440,1,15,2.07048133525359,94.8
440,1,16,-0.238241864222648,38.5
440,1,17,2.27828759313405,96.5
440,1,18,8.45798945187473,100
440,1,19,0.857002710832069,90.9
440,1,20,1.9752501109865,96.6
440,1,21,-0.116215618865733,44
440,1,22,-0.547749415630799,24.6
440,1,23,-0.279726902349262,32.9
440,1,24,0.57681644837345,82.6
440,1,25,1.00522940171345,86.3
440,1,26,0.0156150732748122,53.3
440,1,27,-1.88523263481017,3
440,1,28,2.59058095014173,98.7
440,1,29,NaN,NaN
440,1,30,1.21510884739655,90.5
440,1,31,1.30504307597601,95.4
440,1,32,2.4805006673603,97.4
440,1,33,0.660365099457828,85.6
440,1,34,-0.710164031524773,15.2
440,1,35,5.36587626536984,99.7
440,1,36,4.41633560546761,99.8
440,1,37,-0.227273240264123,38.4
440,1,38,0.297016136587999,67.7
440,1,39,NaN,NaN
440,1,40,1.09144516686398,89.5
440,1,41,0.401358338651555,71.7
440,1,42,-0.0631967279304158,46.3
440,1,43,-0.331156850387682,34.1
440,1,44,-0.727541588791674,14.7
440,2,1,0.88163452435633,85.1
440,2,2,-1.51786034726765,1.6
440,2,3,0.0334783448297003,49.6
440,2,4,-7.19125238980331,0
440,2,5,2.46742984455221,98.8
440,2,6,0.0346269175980524,49.8
440,2,7,2.84968787029641,98.9
440,2,8,6.12699988071571,99.7
440,2,9,1.45408638902561,97.8
440,2,10,0.494595605690262,93.3
440,2,11,0.247619905010815,57.2
440,2,12,0.271766689435438,60.4
440,2,13,-0.341676800709828,34.7
440,2,14,0.108157277934232,54.4
440,2,15,-0.59547550237595,26.6
440,2,16,0.916899373698567,82.2
440,2,17,15.9353999182654,100
440,2,18,0.462047283489417,69.2
440,2,19,-0.226675199185086,37.4
440,2,20,0.0506598972260984,58.2
440,2,21,-0.286645787894782,34.5
440,2,22,-0.331925653798756,23.4
440,2,23,0.987524197626646,84.9
440,2,24,-1.42846956877143,6.6
440,3,1,NaN,NaN
440,3,2,NaN,NaN
440,3,3,-0.491652610188149,15.6
440,3,4,-0.0928287705592257,49.2
440,3,5,-0.0807880830601152,47
440,3,6,NaN,NaN
440,3,7,NaN,NaN
440,3,8,0.146898575401619,80.4
440,3,9,-0.036357773441035,74.5
440,3,10,NaN,NaN
440,3,11,NaN,NaN
440,3,12,-0.13085343633957,33.6
440,3,13,NaN,NaN
440,3,14,-0.0657022534785702,63.2
445,1,1,-0.212787885599615,31.3
445,1,2,-0.0345192509207389,55.4
445,1,3,-0.047866695138287,46.6
445,1,4,-2.54479161242242,1.1
445,1,5,0.00679788043697451,66.8
445,1,6,-1.37746621531532,6
445,1,7,-0.289634856181975,32.3
445,1,8,NaN,NaN
445,1,9,-2.74693559564874,0.4
445,1,10,1.77511905025744,97.2
445,1,11,-0.594466345377871,16.6
445,1,12,-0.711647701784337,11
445,1,13,1.29329628332153,92.7
445,1,14,1.15299783754296,91.8
445,1,15,-0.882262468801489,7.8
445,1,16,-0.22599716176531,45.3
445,1,17,-0.985127332938165,9.2
445,1,18,0.576765091880353,83.3
445,1,19,-0.162722380359619,47.4
445,1,20,NaN,NaN
445,1,21,2.16248986762019,97.6
445,1,22,-1.64332595701989,3.7
445,1,23,NaN,NaN
445,1,24,-0.560784864369761,17.8
445,1,25,-0.294425829992431,25.2
445,1,26,-0.398834641805214,19.8
445,1,27,0.360828358660694,76.1
445,1,28,1.09662610427215,92.9
445,1,29,1.75863556898408,94.8
445,1,30,0.0651032119668464,51.9
445,1,31,-0.600163137601582,15.8
445,1,32,1.68149723109983,95.2
445,1,33,-0.000892196388695001,37.4
445,1,34,-0.165260447128743,23.4
445,1,35,0.000266579075221258,58.8
445,1,36,-0.628564747227452,15.8
445,1,37,-0.112151336357944,36.7
445,1,38,-0.289801042203187,23.3
445,1,39,-0.464762593457173,16.7
445,1,40,-0.061754561536222,56.8
445,1,41,-1.57056849118608,6.3
445,1,42,-2.39163668336916,1.7
445,1,43,0.0614220677615817,62.7
445,1,44,1.29029425814154,92.7
445,1,45,-0.94361057980508,10.1
445,1,46,-0.150899286937828,53.3
445,1,47,0.104131935536627,70.5
445,1,48,2.76857905012887,98.4
445,1,49,-1.35600428836044,5.8
445,2,1,-0.0456693492102171,42.5
445,2,2,-0.0166267448621291,43.8
445,2,3,-0.809679146451239,14.2
445,2,4,-0.187565613060857,39.9
445,2,5,-0.159033628010601,28.8
445,2,6,1.27388216311234,91.1
445,2,7,-0.376092577240869,22.1
445,2,8,-0.0124044944001121,44.9
445,2,9,-0.0205364596154202,38.1
445,2,10,0.300262249861176,74.6
445,2,11,-1.72872796513032,4.7
445,2,12,2.75269934355275,98.5
445,2,13,-2.17162845149731,2.7
445,2,14,-1.51502378073139,6.1
445,2,15,0.227014600107337,57.7
445,2,16,0.176350466142332,65.1
445,2,17,-0.182531243299121,28.7
445,2,18,0.0535736850694647,53.8
445,2,19,-0.339656443995221,22.9
445,2,20,-4.03606109340757,0.3
445,2,21,0.527143110597568,80.4
445,2,22,1.16908961796438,93.1
445,2,23,0.105219329142128,45.2
445,2,24,3.86871117132198,99.3
445,2,25,-0.0652845388446689,35.3
445,2,26,1.36821695737007,94.7
445,2,27,-0.112572926380272,30.9
445,2,28,3.55499545450924,99.1
445,2,29,-4.80588368263875,0.7
445,2,30,1.32383214555306,95.7
445,2,31,0.208823838508332,74.6
445,2,32,-1.35746147749982,6.6
445,2,33,-0.761976658806672,13.7
445,2,34,0.426305867323891,77.9
445,2,35,2.84982278904758,99
445,2,36,0.0139151478877423,45.6
445,2,37,0.109832895365873,51.4
445,2,38,0.235451924406324,59.3
445,2,39,0.525843888147253,84.8
445,2,40,2.06938514496949,98.3
445,2,41,0.266504456400486,75.2
445,2,42,0.847423398486289,90
445,2,43,0.269032063742251,76
445,3,1,NaN,NaN
445,3,2,-0.14712082648123,45.3
445,3,3,NaN,NaN
445,3,4,0.0163750469731382,60.6
445,3,5,0.701848210972583,81.2
445,3,6,-0.172852110917344,46.6
445,3,7,-0.444096676124601,27.7
445,3,8,2.05945252069011,96.5
445,3,9,-0.235453951050494,40.8
445,3,10,NaN,NaN
445,3,11,0.634115394041026,84.1
445,3,12,1.00055390335899,87.9
445,3,13,-0.547814721661649,23.9
445,3,14,NaN,NaN
445,3,15,1.07219754474487,88.3
445,3,16,1.43840230495954,92.4
445,3,17,NaN,NaN
445,3,18,-1.30200676327409,3.8
445,3,19,0.429196965778321,73.6
445,3,20,-0.225766560247513,44.3
445,3,21,5.04381413017461,99.9
445,3,22,-0.161917392535596,48.4
445,3,23,-0.066950959711099,53
445,3,24,-0.218272981446596,42.8
445,3,25,NaN,NaN
445,3,26,-0.615701553862395,20.1
445,3,27,NaN,NaN
445,3,28,-2.10603382922017,1.7
445,3,29,-0.115429056734429,54.3
445,3,30,0.183968309417986,66
445,3,31,-0.141035980341667,47.5
445,3,32,2.33898044222383,98
451,1,1,-0.0607994808695732,67.3
451,1,2,-0.472405108174073,33.5
451,1,3,-0.271222428129293,43.2
451,1,4,-0.0373776951126382,65.1
451,1,5,0.299074330519442,80.3
451,1,6,-0.0545645697246049,60.3
451,1,7,-0.911646197272609,3
451,1,8,-0.164738951783907,55.1
451,1,9,-0.764168081880261,9.8
451,1,10,-1.11030228014469,6.4
451,1,11,0.292056111020755,74.5
451,1,12,-0.452838797651901,27
451,1,13,-0.148073165222621,51.2
451,1,14,NaN,NaN
451,1,15,-0.453190200062443,28.3
451,1,16,-0.363354317580127,27.1
451,1,17,0.273401320803277,83.2
451,1,18,-0.131035202111814,59.5
451,1,19,0.910866630553883,90.1
451,1,20,-1.74641647078782,1.6
451,1,21,0.98016273665894,88.6
451,1,22,-0.275386683863118,41.3
451,1,23,-0.989593084828278,4.3
451,1,24,-0.488045213050276,20.7
451,1,25,0.542310797384527,84.9
451,1,26,-1.04165599086843,3.8
451,1,27,-1.38148858237151,3.6
451,1,28,-2.10129439119176,1
451,1,29,-0.0853319975306137,52.7
451,1,30,0.400973785609501,85.7
451,1,31,-0.110929763283524,69.6
451,1,32,-0.119961149067049,58.8
451,1,33,-0.0273813567126152,60.9
451,1,34,0.48462165487122,83.8
451,1,35,-0.270513805088331,55.5
451,1,36,-0.545270749270756,23.5
451,1,37,-0.157558541799397,50.8
451,1,38,-0.844750725634496,12.5
451,1,39,-0.524629808891531,27.1
451,1,40,0.663923774364636,82
451,1,41,-0.119289257022599,59.2
451,1,42,-1.18662941748564,1.5
451,1,43,-0.762841668992814,6.9
451,1,44,-0.438546260522033,22.8
451,1,45,0.0957937379610809,76.7
451,1,46,1.82105793450465,96.4
451,1,47,-1.5055637564102,3.4
451,1,48,-0.120552060210937,51.7
451,1,49,0.190196872080935,74.4
451,1,50,-0.202890518214306,54.3
451,1,51,-0.874869809252671,12.6
451,1,52,-0.116577377586469,67.7
451,1,53,0.238349001971091,83
451,1,54,0.0318128549440484,62.4
451,1,55,-0.853649092505132,5.7
451,1,56,0.354696659119786,74
451,2,1,-0.13598161167937,41.4
451,2,2,NaN,NaN
451,2,3,-1.21639286021588,7.1
451,2,4,-0.0728761126172379,45
451,2,5,-0.302074720090766,21.7
451,2,6,NaN,NaN
451,2,7,0.352671894668673,82.4
451,2,8,-0.401275824008946,15.8
451,2,9,-0.0449617993131714,52
451,2,10,-0.0179344195269921,50.9
451,2,11,1.46021614530291,94.8
451,2,12,NaN,NaN
451,2,13,-0.722917021779816,10.7
451,2,14,-0.284163467732225,26.3
451,2,15,3.10149400522715,98.8
451,2,16,-0.0614998407190943,50.4
451,2,17,-0.0451471160472109,46.4
451,2,18,NaN,NaN
451,2,19,-0.419831374964071,21.4
451,2,20,-0.0171175350876643,48.9
451,2,21,1.4083395597283,94.2
451,2,22,1.8766037174467,95.7
451,2,23,-0.705399818903618,16.6
451,2,24,-0.127318603456727,43.9
451,2,25,-1.63708173770766,2.5
451,2,26,-1.23076847225308,6.2
451,2,27,-0.723045683649283,14.6
451,2,28,1.72197312615158,95.4
451,2,29,-0.416796872875179,15.7
451,2,30,-0.326124688765163,25.6
451,2,31,-0.301329231891114,28
451,2,32,-0.0630140089786679,38.9
451,2,33,-1.32825775220592,5.7
451,2,34,1.27345211691161,94.5
451,2,35,-1.1828935366074,6.9
451,2,36,0.953617551643081,89.1
451,3,1,NaN,NaN
451,3,2,-0.107750384581929,44.5
451,3,3,-0.0307276208292662,74.5
451,3,4,-0.419224436498331,18.5
451,3,5,-0.516380734984809,15.8
451,3,6,NaN,NaN
451,3,7,-0.472015119690503,14.1
451,3,8,-0.111580825442973,47.6
451,3,9,-0.159822960493681,68.9
451,3,10,-0.122492071042653,72.9
451,3,11,-0.998377383242877,2.9
451,3,12,0.503150997634973,90
451,3,13,-0.381929745389064,29.6
451,3,14,-0.500730819834278,14.1
451,3,15,-0.215279330304899,50.1
451,3,16,-0.233213661861923,23.7
451,3,17,-0.0652176169505889,63.6
451,3,18,0.284901918865423,77.5
451,3,19,NaN,NaN
451,3,20,NaN,NaN
451,3,21,-0.820497500691088,5.4
451,3,22,NaN,NaN
451,3,23,-0.840240376578991,2.9
451,3,24,-0.968171633185516,7.2
451,3,25,-0.519926197436525,14.5
451,3,26,-0.563029507474267,9.8
451,3,27,NaN,NaN
451,3,28,-0.495821911942231,15.3
451,3,29,1.79617274612831,92.5
451,3,30,0.279060297107303,76.3
451,3,31,-0.388683876559312,29
451,3,32,-0.604616815190784,15
451,3,33,-0.658654091199609,5.7
451,3,34,0.125703864910129,76.5
451,3,35,-0.707149443026312,3.5
451,3,36,0.546446949213106,88.2
451,3,37,-0.245836644666245,42.5
451,3,38,0.0522078949077829,81.5
451,3,39,-0.846175865257014,5.7
451,3,40,-0.261815086303057,30.3
451,3,41,0.0694111985270166,64.3
451,3,42,-0.675104240957602,5.4
451,3,43,3.55205239089364,96.8
451,3,44,-0.226358726057722,35.5
485,1,1,0.48159758863263,78.8
485,1,2,1.79052406600389,94.6
485,1,3,-0.723757019410789,15
485,1,4,-0.171824740705748,42.7
485,1,5,0.360941028664289,71.9
485,1,6,0.596925837084116,80
485,1,7,-6.84436430708521,0
485,1,8,1.01697581063863,90.2
485,1,9,0.401891127414886,78.1
485,1,10,0.448403660322309,77.5
485,1,11,2.44608785744082,98.2
485,1,12,2.90858014892072,99.1
485,1,13,-0.278547209335466,38
485,1,14,-0.805909854503361,14.7
485,1,15,-1.65586024568835,4.3
485,1,16,0.425372729315982,75.5
485,1,17,3.26290634740349,99.3
485,1,18,-0.0905326582029535,48.2
485,1,19,-0.2044615338979,43
485,1,20,1.42819934523967,94.1
485,1,21,-3.91023769477866,0.1
485,1,22,-0.590825033740395,21
485,1,23,0.0354927590714639,58.6
485,1,24,0.447049628111271,74.6
485,1,25,-0.812821787286094,16.5
485,1,26,-2.59766984916667,1
485,1,27,-2.47358540335435,1.5
485,1,28,-1.55164324438959,4
485,1,29,-0.394039126015547,30.9
485,1,30,1.04991742300896,86.9
485,1,31,3.65105941728384,99.5
485,1,32,0.893534067358346,85.4
485,1,33,-0.289466982595619,32.9
485,1,34,-0.136343036657217,46.3
485,1,35,-0.0836957305432192,51.9
485,1,36,2.2982640734372,97.7
485,1,37,-1.98664762197805,2
485,1,38,-1.55139758092738,3.9
485,2,1,NaN,NaN
485,2,2,NaN,NaN
485,2,3,6.29994142109824,99.8
485,2,4,-0.357824916613439,15.6
485,2,5,-0.24982153945572,17
485,2,6,0.0891500260937931,64.8
485,2,7,-0.324734756010182,37.8
485,2,8,-0.443951280473314,15.2
485,2,9,-0.376231136305565,34.9
485,2,10,-0.214948608268487,19.1
485,2,11,-8.55116686270429,0
485,2,12,4.54320835303568,99.4
485,2,13,0.94977622651604,94.6
485,2,14,-0.351873144033686,22.5
485,2,15,5.30755786638449,99.3
485,2,16,-0.258207922166736,18
485,2,17,-13.1103573555286,0
485,2,18,6.74882213944886,99.9
485,2,19,-5.49559816599446,0.2
485,2,20,-0.828686457327107,8.4
485,2,21,0.295569278304557,80.5
485,2,22,25.4098893127622,100
485,2,23,0.513133699197252,87.9
485,2,24,2.51845579750957,97.9
485,2,25,2.3011981471309,97.4
485,2,26,-3.7704717477027,0.5
485,2,27,-13.635289124523,0.1
485,2,28,6.1639251147311,99.7
485,2,29,2.37881146216347,98.3
485,2,30,0.0769999299798603,54.1
485,2,31,-0.938922533560993,9.8
485,2,32,2.10417120604938,98
485,2,33,-0.711343197073697,12.4
485,2,34,3.08662791737987,99.2
485,2,35,-0.741094885201037,7.4
485,2,36,-0.247725609925196,40.3
485,2,37,-11.380289850542,0.1
485,2,38,1.39120479807475,95.2
485,2,39,1.59956875782499,96.3
485,2,40,1.69225222411781,96.5
485,2,41,-6.11757684651142,0
485,3,1,-0.100378290663353,58.3
485,3,2,-8.94408422042037,0
485,3,3,-0.297463499649158,58.6
485,3,4,0.736136277251257,90.3
485,3,5,0.0763804651059181,69.1
485,3,6,0.332882829824108,87.1
485,3,7,-1.91732648858775,2.7
485,3,8,-0.55006185761627,41.2
485,3,9,-0.496376619139068,46.4
485,3,10,1.8267808081522,97.5
485,3,11,-0.138393057740285,53.1
485,3,12,2.20871746555297,97.6
485,3,13,6.9291582867934,100
485,3,14,-0.411418926798224,53.4
485,3,15,-0.593552872688979,33.9
485,3,16,-3.28463162747075,0.9
485,3,17,-0.351509527113179,49.6
485,3,18,-16.6945319842167,0
485,3,19,0.35928029267158,71.6
485,3,20,0.938651266002562,85.7
485,3,21,-0.729529759542475,17.4
485,3,22,-7.55268591714798,0.2
485,3,23,-0.413756697252462,11.9
485,3,24,-3.26788382863574,0.7
485,3,25,-3.70301974369319,0.5
485,3,26,-0.012503337429795,67.9
485,3,27,-0.573454946466166,44.2
485,3,28,-13.2918488250912,0
487,1,1,-0.363712413782574,26.6
487,1,2,NaN,NaN
487,1,3,NaN,NaN
487,1,4,-0.503214415429589,22.1
487,1,5,-0.196166708384588,60.5
487,1,6,-0.164121726599089,52.1
487,1,7,-0.650244867841118,6
487,1,8,-0.2326421406664,45.2
487,1,9,3.75006735743965,98.6
487,1,10,NaN,NaN
487,1,11,0.741277900927782,90.4
487,1,12,NaN,NaN
487,1,13,-0.439013448488387,30.8
487,1,14,-0.504426652329743,20.9
487,1,15,-0.746499328015439,11.9
487,1,16,-0.494236382323805,16.6
487,1,17,NaN,NaN
487,1,18,-0.323124121907049,29
487,1,19,-0.00485562722803296,70.1
487,1,20,-0.243721510224914,44.4
487,1,21,NaN,NaN
487,1,22,-0.0797154595279996,58.9
487,1,23,2.97828413908273,96.5
487,2,1,NaN,NaN
487,2,2,NaN,NaN
487,2,3,NaN,NaN
487,2,4,NaN,NaN
487,2,5,0.892653974962271,88.6
487,2,6,-0.587530268726399,16.5
487,2,7,NaN,NaN
487,2,8,NaN,NaN
487,2,9,3.54336534886714,98.728813559322
487,2,10,0.659093384145772,87.3684210526316
487,2,11,NaN,NaN
487,2,12,4.03947610529978,98.828541001065
487,2,13,-0.848938571897588,9.1
487,2,14,-2.18385735860458,1.5
487,2,15,1.92595741645332,96.7
487,2,16,-0.202071442660635,42.8428428428428
487,2,17,2.29489658470972,96.996996996997
487,2,18,0.221747073390694,77.6
487,2,19,NaN,NaN
487,2,20,0.805130242399577,87.3096446700508
487,2,21,NaN,NaN
487,2,22,0.0298287992655048,51.8
487,2,23,0.984383181215617,91.1
487,2,24,NaN,NaN
487,2,25,-0.148224810217947,52.4048096192385
487,2,26,-0.574982701236615,17.7
487,2,27,NaN,NaN
487,2,28,-0.000650286343176673,65.5
487,2,29,0.0568782809230763,60.9
487,2,30,1.2028919279269,93.9
487,2,31,-0.173901258715652,45.2452452452452
487,2,32,0.701887453514184,86
487,2,33,-0.205091504339942,38.4
487,2,34,-0.435386432480606,25.8861439312567
487,3,1,-0.213030194242801,46.2
487,3,2,NaN,NaN
487,3,3,-0.156687672219853,68.1
487,3,4,-0.16310626627884,46.3
487,3,5,0.787291442941416,92.7
487,3,6,3.63261555469067,98.7
487,3,7,NaN,NaN
487,3,8,-0.0190973426159359,72.1
487,3,9,0.529150400774959,89.2
487,3,10,-0.205533962313738,42.8
487,3,11,-0.224545759338812,45.7
487,3,12,1.14762109881345,92.8
487,3,13,-0.480853559415804,23.8
487,3,14,-0.17101363214747,57.3
487,3,15,NaN,NaN
487,3,16,NaN,NaN
487,3,17,-0.091419926068144,59.4
487,3,18,-0.30079266038675,35.3
487,3,19,-0.296370756369829,40.7
487,3,20,-0.632129093148985,22.3
487,3,21,0.101154748113873,59.4
487,3,22,-1.3446119356086,3.2
487,3,23,-0.181651686612158,56.3
487,3,24,0.510481515213442,90.8
487,3,25,-0.0817281122417364,55.9
487,3,26,NaN,NaN
487,3,27,0.298776055537717,72.6
487,3,28,-0.485808725815869,18.7
487,3,29,-0.240895412127709,43.4
487,3,30,-0.298289318348584,31.1
487,3,31,-0.302721214487226,25.3
487,3,32,0.831788012217159,88
487,3,33,1.07984372880601,94.1
487,3,34,0.543216088251055,85
487,3,35,6.22846074627344,99.7
487,3,36,-0.307064387190875,18.9
532,1,1,0.343527696688347,86.8
532,1,2,-0.0710652246341526,53.6
532,1,3,5.11079474457491,99.2
532,1,4,NaN,NaN
532,1,5,NaN,NaN
532,1,6,1.9721498112199,96.9
532,1,7,0.213196077659458,77.3
532,1,8,6.53523231354452,99.8
532,1,9,-1.39782678849955,4
532,1,10,0.141798565499309,62.6
532,1,11,0.983751092025619,92.1
532,1,12,-0.506573203283815,18.8
532,1,13,4.42597712738818,99.7
532,1,14,-0.383202164958142,31.3
532,1,15,2.26669416898874,94.4
532,1,16,-0.138259977194488,45.1
532,1,17,NaN,NaN
532,1,18,0.528270929596753,84.6
532,1,19,NaN,NaN
532,1,20,1.33485844830977,89.4
532,2,1,46.2539076872171,100
532,2,2,4.43270172291576,98.9
532,2,3,0.674244633275824,87.2
532,2,4,-0.759229320957575,14.1
532,2,5,-2.12099500434913,2.1
532,2,6,-1.94632302549437,3.8
532,2,7,5.0344852567838,99.2
532,2,8,2.22360995031814,98.4
532,2,9,-0.379117936950681,22.1
532,2,10,-0.011532130599278,36.5
532,2,11,0.151750632838017,52.1
532,2,12,-4.76777863241236,0.2
532,2,13,-5.12687001131442,0.4
532,2,14,-1.44048049532179,7.4
532,2,15,1.59714409813221,96.6
532,2,16,-1.93590960765791,5.1
532,2,17,-1.81042906789938,4
532,2,18,2.38761817124428,98.2
532,2,19,0.956722080874119,92
532,2,20,1.12530395119138,94.6
532,2,21,-1.83133297472216,4.4
532,2,22,0.0532059402827711,44.2
532,2,23,2.09171902261223,98.1
532,2,24,0.824635791249002,87.3
532,2,25,1.45178460007391,95.2
532,2,26,-7.5099520229065,0
532,3,1,-0.987226839516918,10.1
532,3,2,2.23688465256991,97.8
532,3,3,-0.259802093098373,44.3
532,3,4,4.47798235795852,98.7
532,3,5,1.99961972287108,96.9
532,3,6,-0.213491072857277,30.6
532,3,7,-0.552712652245236,17.8
532,3,8,-0.464537256983322,16.9
532,3,9,-0.442011971989233,22.8
532,3,10,0.426768239701653,78.4
532,3,11,-0.460064357109394,18.6
532,3,12,7.98296031659108,99.8
532,3,13,-0.347490550595456,26.4
532,3,14,4.34648545548547,99.5
532,3,15,0.148197406487587,71.3
532,3,16,-0.337230129927102,25.3
532,3,17,-1.27003714826861,2.5
532,3,18,-0.190060904410266,29.2
532,3,19,16.5412301525612,100
532,3,20,-0.176338834840755,32.9
532,3,21,-1.5787702659568,5.1
532,3,22,24.1210589659642,100
532,3,23,-1.24234329263439,8.2
532,3,24,3.37291784849002,99.1
532,3,25,1.01468714452521,90.1
532,3,26,3.77595931691707,99.4
532,3,27,1.94875416473283,97.9
532,3,28,-0.932248162858039,4.6
532,3,29,1.42374067238035,93.3
532,3,30,1.2100686511337,90.9
532,3,31,4.17556208261388,99.9
532,3,32,0.140918152682055,73.1
532,3,33,0.164071552150047,66.8
532,3,34,-2.54482697592112,1.6
532,3,35,-2.5933885216597,1.6
532,3,36,4.38321209214133,99.5
532,3,37,-0.360897865925476,18.1
532,3,38,-2.25350409759066,1.7
532,3,39,2.90836620056629,98.8
532,3,40,1.01031481206966,89.5
532,3,41,-0.0645585683759962,44.5
532,3,42,-0.895709263100798,9.7
532,3,43,0.674082864928147,88.7
532,3,44,0.309382363187455,80
532,3,45,-0.0638793054155724,51.5
532,3,46,59.6421642355014,100
532,3,47,55.5108287390748,100
532,3,48,-1.83810631101206,2.9
532,3,49,-0.216867531663751,34
532,3,50,-1.31449510372987,5.3
532,3,51,-1.70696692726575,3.9
532,3,52,2.66158198836786,98.6
535,1,1,-0.490140579420107,3.4
535,1,2,0.991874765359383,91.3
535,1,3,16.7602487039299,100
535,1,4,-0.249634380571299,41.1
535,1,5,0.266335312864278,77.6
535,1,6,-0.354639987774868,39.1
535,1,7,0.474354105068094,77.4
535,1,8,0.474633439992777,86.2
535,1,9,-0.250222791624766,28
535,1,10,-0.807133208735823,15.7
535,1,11,0.310474106774582,71.3
535,1,12,-0.150298858546889,64.1
535,1,13,-0.259038053597323,29.9
535,1,14,0.0671692335206397,64.7
535,1,15,-0.384517005460387,36.1
535,1,16,0.567084521310445,90.7
535,1,17,-0.283739435464951,46.8
535,1,18,0.115761241862412,83.5
535,1,19,-0.52505173711176,29.2
535,1,20,-1.00483097561078,5.5
535,1,21,-0.820969614789675,5.9
535,1,22,0.271029522934717,72.9
535,1,23,0.660143167134958,84.5
535,1,24,-0.505250350194048,26.7
535,1,25,-0.22703013074159,47.4
535,1,26,-0.375932496507988,35.9
535,1,27,2.91015504964926,98
535,1,28,1.33073661585226,90.9
535,1,29,0.453890145813897,83.8
535,1,30,-0.250434608521323,29.7
535,1,31,1.56366225875049,93.3
535,1,32,0.598992227759258,84
535,1,33,1.27694647700048,89.3
535,1,34,0.560175805725479,78.8
535,1,35,-0.607202198839249,10.2
535,1,36,-0.0587264138007309,59.1
535,1,37,-0.301914076555115,43.1
535,1,38,-0.0727215289058843,64.9
535,1,39,-0.854331300564266,9.5
535,1,40,-0.657352047450492,19
535,1,41,-0.273792778585772,46.2
535,1,42,0.917665863186684,85.7
535,1,43,0.365180985442493,71.1
535,1,44,32.8102409301628,100
535,1,45,-0.199081602405348,47.5
535,1,46,-0.920176317405214,11.1
535,1,47,-0.305276970174266,42.1
535,1,48,1.56493885619306,97.3
535,1,49,-1.06918151562398,8.8
535,1,50,-0.71076641457671,19.6
535,1,51,-0.864468390508361,10.6
535,1,52,-0.66109153714864,5.7
535,2,1,0.547004310334745,91.6
535,2,2,-0.25373413875498,55.9
535,2,3,-0.31630711379398,33.3
535,2,4,-0.150732962788264,66
535,2,5,-0.275302095217784,42.5
535,2,6,0.0510417003550248,81.7
535,2,7,0.137647836201485,81.8
535,2,8,1.81933087351634,97.5
535,2,9,-0.330793821862345,20.1
535,2,10,3.83835877560483,99.1
535,2,11,-0.172187133573181,67.3
535,2,12,0.359341854811634,84.5
535,2,13,36.062043003508,100
535,2,14,0.307398723491744,81
535,2,15,4.21802217670814,97.9
535,2,16,-0.137994534569055,65.6
535,2,17,-0.266688555590363,25.4
535,2,18,0.781039221777228,93.8
535,2,19,9.90227538259265,99.5
535,2,20,5.01250774720959,99.8
535,2,21,-0.330401742755622,42.3
535,2,22,-0.148913089895078,67.1
535,2,23,6.02427782670904,99.6
535,2,24,-0.268510868889853,51.8
535,2,25,0.669607193521715,93.2
535,2,26,-0.219006610624032,24.9
535,2,27,-0.394425751217302,8.6
535,2,28,-0.336991359669031,40.9
535,2,29,2.0498474828856,96.3
535,2,30,-0.731511240081092,7.4
535,2,31,-0.514448576544326,12.2
535,2,32,0.0564485849147422,81.8
535,2,33,3.70425217085778,99.6
535,2,34,-0.475095408280398,4.4
535,2,35,4.79342201681502,99.3
535,2,36,6.69192220140425,99.7
535,2,37,0.85401724072282,90.5
535,2,38,0.415919827250349,85
535,2,39,-0.222569149348907,57.8
535,2,40,2.86214112852226,98.6
535,2,41,2.30308486856311,96.7
535,2,42,1.35721788953442,94.5
535,3,1,-0.492753651908191,22.9
535,3,2,0.472723901364551,86.9
535,3,3,-0.217029491913466,64.6
535,3,4,-0.386156566625057,33.3
535,3,5,-0.0816405380489131,69.7
535,3,6,-0.514408714618905,5.7
535,3,7,5.67585270657263,99.3
535,3,8,2.88428818123214,97.3
535,3,9,-0.444755237942071,27.5
535,3,10,0.0218218592341424,79
535,3,11,-0.523911864771981,8.6
535,3,12,-0.21055186714161,66.8
535,3,13,0.501973941052043,88.1
535,3,14,-0.479048727683562,17.4
535,3,15,4.20881739193675,98.4
535,3,16,-0.350469605514571,53.9
535,3,17,-0.505323248348634,22
535,3,18,0.404380242568933,82.4
535,3,19,0.346570718594539,87
535,3,20,-0.364167905795175,50
535,3,21,-0.712864878214344,0.8
535,3,22,0.393411342749913,84.3
535,3,23,-0.420375070302259,38
535,3,24,-0.416101141077038,28
535,3,25,-0.13322910806102,72.8
535,3,26,-0.441879136939661,37.1
535,3,27,-0.257021495647297,64.6
535,3,28,-0.267550375949462,66.7
535,3,29,-0.145588957922519,68.5
535,3,30,8.04181880078449,99.9
535,3,31,-0.496573569809008,16
535,3,32,-0.63781618088552,2.7
535,3,33,0.0271951196755596,71.4
535,3,34,-0.366849012310786,47.5
535,3,35,-0.159032820957705,66
535,3,36,5.72526978851491,99.6
535,3,37,-0.616805086880131,4.6
535,3,38,-0.375008829038662,43.6
535,3,39,-0.383325551797158,40.4
535,3,40,1.37895178984968,91.7
535,3,41,-0.41186689600847,29.4
535,3,42,-0.54542963870608,22.5
535,3,43,-0.456493688503438,31.8
535,3,44,-0.0575960268873941,70.4
535,3,45,0.0564871412869105,75
543,1,1,NaN,NaN
543,1,2,NaN,NaN
543,1,3,1.81761697924328,95.9
543,1,4,NaN,NaN
543,1,5,-0.0668376090915283,52.5
543,1,6,-0.366935375572116,32.1
543,1,7,-1.83503304488195,4.1
543,1,8,NaN,NaN
543,1,9,-0.142703831453919,55.8
543,1,10,-0.541766767666617,21.3
543,1,11,-0.234808724216473,48
543,1,12,-0.226737406906715,37
543,1,13,0.243578397730085,72.3
543,1,14,-0.42714775761803,24.9
543,1,15,-0.727449542417768,12.6
543,1,16,-0.362321090646413,29.8
543,1,17,0.102324186533079,75.4
543,1,18,-0.661572392868736,20.7
543,1,19,-0.356653129400716,33.9
543,1,20,0.319104284555907,67.3
543,1,21,-0.73205133380813,12.8
543,1,22,-0.86289247569928,15
543,1,23,0.275165843083482,82.4
543,1,24,-0.11697138491405,58.1
543,1,25,-0.29292888655777,34.8
543,1,26,0.507112821191328,78.8
543,1,27,0.00255507012224384,58.8
543,1,28,-0.267451458947271,41
543,1,29,-0.309588746004601,32.5
543,1,30,0.61366563126021,78.2
543,1,31,-0.716682444889977,18.3
543,1,32,-0.49531223985637,22.5
543,1,33,0.181729593861246,66.9
543,1,34,-0.290322951403406,30.2
543,1,35,-0.123420335480199,61.6
543,1,36,-0.199565275449346,53
543,1,37,-0.321733544189702,29.8
543,1,38,-1.22410949946475,7
543,1,39,-0.526425069632279,25.3
543,1,40,-0.914280921535786,11.6
543,1,41,0.281134316923124,77.2
543,1,42,-1.04638055750404,3.4
543,1,43,0.00959067026747906,57.5
543,1,44,0.345327835379727,75.4
543,1,45,0.143800551945708,67.3
543,1,46,-0.296492562027716,45.7
543,2,1,0.0763747818632181,60.3
543,2,2,0.238812277265992,64.2
543,2,3,-0.982156915662999,13.9
543,2,4,-0.3008765154767,36.2
543,2,5,-0.870032070023085,15.3
543,2,6,0.184259544493129,62.1
543,2,7,-0.1537869466207,42.4
543,2,8,2.97262985023534,99
543,2,9,0.185737721722187,62.9
543,2,10,0.41410879514417,71.5
543,2,11,0.255271480261106,66.5
543,2,12,-0.0494229209814536,47.9
543,2,13,-0.339509705890395,31.5
543,2,14,0.286855843423524,67
543,2,15,0.0865488594530011,58
543,2,16,0.115138005920992,57.2
543,2,17,-1.76379013525524,3.7
543,2,18,5.02248592001996,100
543,2,19,-1.30105877935373,8.1
543,2,20,1.33132793726228,92.4
543,2,21,-1.076854358854,10.2
543,2,22,-0.985002481987381,13.4
543,2,23,-0.00264398173192872,52.5
543,2,24,0.927541561494914,84.9
543,2,25,-0.150836055415821,44.7
543,2,26,0.308813425040218,64.9
543,2,27,-0.237340434168205,36.1
543,2,28,-0.124689675875539,43.1
543,2,29,0.3659837207776,69.4
543,2,30,-0.26467559203822,37.9
543,2,31,-0.029760325446771,47.6
543,2,32,-1.69675187029545,4.4
543,2,33,-1.03002657419589,12.8
543,2,34,0.794212102695779,81.7
543,2,35,0.855537954589776,83.4
543,2,36,0.203863411838076,61.2
543,2,37,0.154902834171199,58.3
543,2,38,-0.701644702384005,18.9
543,2,39,0.136672340977739,58.7
543,3,1,0.555364087510635,77.5
543,3,2,0.350702239023445,72.9
543,3,3,-0.519001570609615,13.9
543,3,4,0.702434726275029,73.6
543,3,5,-3.69499155172969,0.4
543,3,6,0.989825429187317,91.6
543,3,7,0.625225303410788,81
543,3,8,0.851305301884678,93.4
543,3,9,-4.13951988094212,0.2
543,3,10,0.126208393211472,44.9
543,3,11,0.54113523689328,71.3
543,3,12,0.355456061428319,63.3
543,3,13,-0.617101256390809,23.1
543,3,14,0.994844682167538,95
543,3,15,0.895581693514928,94.8
543,3,16,-1.89995813739414,4.7
543,3,17,-0.380622184338823,26.8
543,3,18,2.18253984753723,99.9
543,3,19,0.515190347844323,71.1
543,3,20,0.883700641570905,95.2
546,1,1,0.638147084727591,86
546,1,2,1.34942862311162,91.4
546,1,3,-0.352991041141271,49.6
546,1,4,-0.369965030951912,47.5
546,1,5,2.61170379001504,93.2
546,1,6,NaN,NaN
546,1,7,NaN,NaN
546,1,8,NaN,NaN
546,1,9,NaN,NaN
546,1,10,1.24071717817326,87.5
546,1,11,1.28481976100461,90.2
546,1,12,1.87042040203227,90.4
546,1,13,NaN,NaN
546,1,14,-0.546151278632198,6
546,1,15,0.957347663726894,88.6
546,1,16,NaN,NaN
546,1,17,NaN,NaN
546,1,18,NaN,NaN
546,1,19,NaN,NaN
546,1,20,NaN,NaN
546,1,21,1.15019886798829,88.8
546,1,22,NaN,NaN
546,1,23,-0.547518387957947,6.1
546,1,24,NaN,NaN
546,1,25,NaN,NaN
546,1,26,1.4039274798897,91.1
546,1,27,NaN,NaN
546,1,28,NaN,NaN
546,1,29,NaN,NaN
546,1,30,1.1945100767289,88.5
546,1,31,NaN,NaN
546,1,32,-0.543163021073453,6.8
546,1,33,NaN,NaN
546,1,34,1.69733250707249,94
546,1,35,NaN,NaN
546,1,36,NaN,NaN
546,1,37,1.68396798291478,91.8
546,1,38,-0.692829158798224,1
546,1,39,NaN,NaN
546,1,40,NaN,NaN
546,1,41,NaN,NaN
546,1,42,NaN,NaN
546,1,43,-0.430071002876994,4.8
546,1,44,1.55265452108529,92.9
546,1,45,1.07429541745126,87.1
546,1,46,-0.543702139865314,6.9
546,1,47,NaN,NaN
546,1,48,-0.551196901812691,6
546,1,49,NaN,NaN
546,1,50,NaN,NaN
546,1,51,0.735293780527014,86.6
546,1,52,NaN,NaN
546,1,53,1.28651213747291,90.9
546,1,54,NaN,NaN
546,1,55,1.39442268646218,91.1
546,1,56,5.11009125733527,99
546,1,57,-0.416810413843541,12
546,1,58,1.64612308147946,92.8
546,1,59,NaN,NaN
546,2,1,NaN,NaN
546,2,2,NaN,NaN
546,2,3,NaN,NaN
546,2,4,NaN,NaN
546,2,5,NaN,NaN
546,2,6,NaN,NaN
546,2,7,NaN,NaN
546,2,8,NaN,NaN
546,2,9,NaN,NaN
546,2,10,NaN,NaN
546,2,11,NaN,NaN
546,2,12,NaN,NaN
546,2,13,NaN,NaN
546,2,14,NaN,NaN
546,2,15,NaN,NaN
546,2,16,NaN,NaN
546,2,17,NaN,NaN
546,2,18,NaN,NaN
546,2,19,NaN,NaN
546,2,20,NaN,NaN
546,2,21,NaN,NaN
546,2,22,NaN,NaN
546,2,23,NaN,NaN
546,2,24,NaN,NaN
546,2,25,NaN,NaN
546,2,26,NaN,NaN
546,2,27,NaN,NaN
546,2,28,NaN,NaN
546,2,29,NaN,NaN
546,2,30,NaN,NaN
546,2,31,NaN,NaN
546,2,32,NaN,NaN
546,3,1,-4.54860364159872,0.3
546,3,2,17.4632138206333,100
546,3,3,0.809839782749955,89.4
546,3,4,1.97919607738203,97.4
546,3,5,4.66039854646624,99.3
546,3,6,-0.062980141903833,58.7
546,3,7,-7.43226015373997,0
546,3,8,0.324360343805239,84.3
546,3,9,4.04409759012911,99.6
546,3,10,-0.913905247970892,5.5
546,3,11,-0.106602876888097,36.4
546,3,12,0.00344917072936139,39.5
546,3,13,-0.0820153266065557,37.4
546,3,14,-1.36052183046065,5.3
546,3,15,-0.0666122916152709,31.8
546,3,16,-0.505107889679248,5.6
546,3,17,-2.79476491732905,1.6
546,3,18,0.173051810441549,73.4
546,3,19,0.8268426813877,89.5
546,3,20,-0.11756584816051,18.9
546,3,21,-7.52981721670619,0
546,3,22,-3.94324176113687,0.7
546,3,23,0.102191369247566,64.9
546,3,24,-0.0846330463717631,25.2
546,3,25,-0.916919441336198,8.5
546,3,26,-0.551484630729766,12.8
546,3,27,0.114004446895351,77.8
546,3,28,2.26156493210717,97.9
546,3,29,-0.0119505209970256,34.5
546,3,30,-26.9008927758441,0
546,3,31,-8.29841283488976,0.1
546,3,32,-0.08455752492491,34.5
546,3,33,0.604622141237723,97.7
546,3,34,0.0566990736119469,58.2
546,3,35,0.422469561820401,93.9
546,3,36,0.0255988079248778,44.7
546,3,37,-1.86818259627196,3.1
546,3,38,1.17328922338895,94.9
546,3,39,0.125368228027707,66
546,3,40,-4.87505493870105,0.5
546,3,41,1.59557661234405,96.6
546,3,42,-0.00885779757185261,23.7
546,3,43,35.809435136892,100
546,3,44,-0.215876788671757,10.1
546,3,45,-2.64172948454004,1.2
546,3,46,-2.35852306487731,2
546,3,47,-0.333702966897954,19.7
546,3,48,-0.501581243478558,8.2
546,3,49,-0.268378474889936,30.8
546,3,50,-0.252428954183244,6.5
546,3,51,0.12192794402687,66.6
546,3,52,0.504868213836831,90.8
557,1,1,-0.203197853045036,26.1
557,1,2,-1.58245623532791,5.2
557,1,3,0.862816006589941,92.9
557,1,4,-0.255247797364165,26.6
557,1,5,0.148603733672972,67.1
557,1,6,-3.14291605876119,0.9
557,1,7,1.09407898719601,94.3
557,1,8,-0.122200658609215,31.4
557,1,9,-1.30116004812446,6
557,1,10,-3.03808809196714,1.1
557,1,11,1.79111486516458,97.8
557,1,12,0.165190760221352,72.2
557,1,13,-0.323948011578631,21.4
557,1,14,1.02160986514082,94.8
557,1,15,2.51968282574967,98
557,1,16,-0.475291305517541,20.1
557,1,17,-3.22696231337606,1.1
557,1,18,-12.3110379554884,0
557,1,19,0.0746621503565581,55.6
557,1,20,4.96184414062082,99.7
557,1,21,1.56092458774632,97.1
557,1,22,-0.879776387144572,9.9
557,1,23,-3.12304164747064,1.3
557,1,24,-5.13074704180653,0.3
557,1,25,-0.214322667693331,21
557,1,26,-5.46773810202075,0.4
557,1,27,-0.189871729862624,23.7
557,1,28,6.85784099666516,100
557,1,29,0.581016901550303,86.9
557,1,30,-1.5303357817805,6.5
557,1,31,0.123479648729969,46.3
557,1,32,4.17567515877891,99.8
557,1,33,0.948094094940611,93.4
557,1,34,0.142296613312594,52.6
557,1,35,-3.31390136629177,1.3
557,1,36,0.0233649741245384,42.2
557,1,37,-2.03085437569508,1.9
557,1,38,0.980979596963903,91
557,1,39,-6.50744872668957,0.1
557,1,40,-0.342557886127968,21.5
557,1,41,-1.40854295735769,6.2
557,1,42,0.429475032945378,82
557,1,43,1.17602966136514,95.7
557,1,44,-1.16407718422907,6.1
557,1,45,1.39111189753292,96
557,2,1,-5.68662538440419,0.2
557,2,2,-7.85606652390172,0
557,2,3,2.77928102343395,98.9
557,2,4,0.332343797098407,71.8
557,2,5,-0.46732332340952,23.5
557,2,6,-11.3330808070535,0
557,2,7,2.47718507141405,98.2
557,2,8,6.98169234898636,99.9
557,2,9,-0.644512760018908,15.4
557,2,10,-1.13502863974019,9.2
557,2,11,-1.44967953308398,6.6
557,2,12,0.340566570983608,76
557,2,13,0.366592491168078,77.8
557,2,14,-0.544659933783876,16.3
557,2,15,-1.40341131049029,6.4
557,2,16,3.06481786767909,99.5
557,2,17,-13.7021798173295,0
557,2,18,-1.10538818017386,8.2
557,2,19,-0.231261883324631,34.1
557,2,20,-7.68505403259296,0
557,2,21,0.757248442465383,87
557,2,22,-1.02389083698554,10.8
557,2,23,-0.964150624650881,10.9
557,2,24,-1.02342940433346,9.4
557,2,25,-1.78026858582359,4.1
557,2,26,-2.29612549582153,2.7
557,2,27,-0.904692129194856,11.9
557,2,28,-0.356732240197577,22.2
557,2,29,-0.615683219860186,13.3
557,2,30,-2.74217682834908,1.7
557,2,31,-3.69180661148808,0.4
557,2,32,0.477215860874903,80.4
557,2,33,-1.24412445363715,8.6
557,2,34,1.02958161296581,91.6
557,2,35,2.35092329522238,99.3
557,2,36,-4.44508365004428,0.2
557,2,37,0.120785860198814,60.6
557,2,38,0.599288889623734,84.2
557,2,39,1.82730643749687,97.7
557,2,40,2.64190657270793,98.9
557,2,41,0.59441546327679,86.3
557,2,42,-0.329910437977928,23.8
557,3,1,0.427051019597112,85.6
557,3,2,-1.48867562501856,4.8
557,3,3,-1.38563152410984,7.5
557,3,4,1.62443425152157,95.9
557,3,5,-5.26430342130734,0.4
557,3,6,0.25759987330611,76.5
557,3,7,2.48179002210573,98.8
557,3,8,1.37933686114226,96
557,3,9,2.99381527502616,98.9
557,3,10,1.63843655998954,97.7
557,3,11,-0.790842913602361,8.1
557,3,12,-0.0571523262529717,42.1
557,3,13,-0.0182505907112957,49
557,3,14,-0.708043287695218,9.3
557,3,15,4.46392868980077,99.7
557,3,16,-9.45287029205853,0
557,3,17,-16.5270057324815,0
557,3,18,-0.462175369817965,14.7
557,3,19,1.9561565688574,98.2
557,3,20,-4.75329878479753,0.2
557,3,21,-0.290375399430844,23.9
557,3,22,-0.732148267275887,7.8
557,3,23,2.94726108554192,99.4
557,3,24,0.963068302383052,94.1
557,3,25,-2.74061327213228,1.6
557,3,26,-3.37064040535937,0.8
557,3,27,-1.28217397855467,3.9
557,3,28,-2.47357560087607,1.7
557,3,29,0.689484606826812,86.6
557,3,30,-0.853255695936032,8.6
557,3,31,1.67202091893905,96.5
557,3,32,-10.2353742485037,0
557,3,33,0.965853105036928,92.4
557,3,34,-1.5099043903333,4.1
570,1,1,-0.400003881099209,42.3
570,1,2,0.408855032555745,74.6
570,1,3,3.36458316999517,97.7
570,1,4,-0.460024295721352,20.6
570,1,5,0.567545430698471,82.1
570,1,6,-0.38956944031798,30.3
570,1,7,NaN,NaN
570,1,8,-0.183044574897414,65.8
570,1,9,-0.650586401181706,18.3
570,1,10,NaN,NaN
570,1,11,0.109048584757163,72.4
570,1,12,1.04608614551413,91.8
570,1,13,-0.141097486231293,56.1
570,1,14,-0.343091904523632,28
570,1,15,0.539703387469454,90.7
570,1,16,0.147894102905211,72.3
570,1,17,1.13070690399031,94
570,1,18,0.0553430792922673,65.3
570,1,19,-0.395937492773941,44.3
570,1,20,0.0413103747423007,75
570,1,21,-0.20390615647884,44.2
570,1,22,1.80232859924142,95.5
570,1,23,-0.172701750107553,58.9
570,1,24,0.00259593336556661,61.7
570,1,25,-0.457009390563844,36.6
570,1,26,-0.827396443201192,7.5
570,1,27,-0.700683027184174,20.3
570,1,28,-1.7231208045906,0.3
570,1,29,3.1921838314308,98.5
570,1,30,-0.197384383457743,54.3
570,1,31,0.0831102496098803,76.3
570,1,32,0.844322162329881,85.3
570,1,33,-0.373620434410969,28.3
570,1,34,0.429941193589703,79.3
570,1,35,-1.23900820136694,2.5
570,1,36,1.09061911299887,87.8
570,1,37,0.607129752749028,87.1
570,1,38,1.05463910121213,91.7
570,1,39,1.00820448388207,90.7
570,1,40,0.448358838176823,84
570,1,41,1.1223601816547,95
570,1,42,-0.747807580855342,14
570,1,43,-0.648063859633823,16.1
570,1,44,0.834378130746693,84.8
570,1,45,-0.931727638864503,10.9
570,1,46,NaN,NaN
570,1,47,0.442071302942451,76.5
570,1,48,6.70142529403676,99.4
570,1,49,-0.0544073103222217,61.2
570,1,50,-0.0779445163292097,54
570,1,51,-0.217237048005764,46.8
570,1,52,1.04648999873958,88
570,1,53,-0.874337438372015,14.7
570,1,54,0.348483467009322,77.7
570,1,55,-1.14531018699358,8.4
570,1,56,0.0724043689175262,72.8
570,1,57,-0.179437344821134,53.1
570,1,58,-0.655742821697335,12.1
570,1,59,-0.176773831507222,50.5
570,1,60,-0.161381150229279,56.7
570,1,61,-0.412595673360693,42.7
570,1,62,0.57115314555047,85
570,1,63,0.0999753334820787,76.9
570,1,64,0.0825716146459305,73.4
570,1,65,-0.163184123078561,49
570,1,66,-1.16471793856118,7.2
570,2,1,1.31256947274942,92
570,2,2,-1.28385837759326,5.3
570,2,3,-0.438720147399449,19.4
570,2,4,-0.893343777611878,4.1
570,2,5,-0.674948518540423,16.4
570,2,6,-0.609550495247789,11.5
570,2,7,-1.01884188546926,8.8
570,2,8,-1.62642898654945,3.7
570,2,9,-0.866024385077179,11.6
570,2,10,1.69974240702729,97.2
570,2,11,1.89566903734215,95.2
570,2,12,2.08408953957446,97.1
570,2,13,1.12839758238098,90
570,2,14,-1.13380752268808,4.6
570,2,15,-0.221091327519955,37.1
570,2,16,-1.53026155468755,2.1
570,2,17,-0.019301230511853,26.9
570,2,18,-2.42828910218605,1.2
570,2,19,0.126886037908022,66.3
570,2,20,-4.0303001070492,0.2
570,2,21,-2.59104936522108,1.3
570,2,22,0.134735368930164,68.4
570,2,23,-0.629923770578958,8.6
570,2,24,0.375721896497003,74.4
570,2,25,-0.476863297790528,22.4
570,2,26,-0.54483744121959,10.7
570,2,27,0.822430959818736,92.8
570,2,28,-7.38557040627113,0
570,2,29,-0.411880534815917,22.6
570,2,30,-0.512083501490505,23.4
570,2,31,-0.213994131170067,45.7
570,2,32,0.504978092266704,78.8
570,2,33,-0.23427942150094,32.8
570,2,34,-0.993135704163152,10.3
570,2,35,-0.194716182049996,46.8
570,2,36,-0.264897014638464,35.4
570,2,37,-0.880467327599045,12
570,2,38,-0.0965702191903716,57.1
570,2,39,0.561101099426295,80.9
570,2,40,-1.45045929949346,5
570,2,41,-0.161686355538335,46.1
570,2,42,-0.461023572039927,23.4
570,2,43,-1.50739147307921,4.3
570,2,44,1.32784763573135,93
570,2,45,-1.96859371514956,1.2
570,2,46,-0.200444221585292,44.3
570,2,47,-0.0309487187909735,57.1
570,2,48,2.67573513836643,97.8
570,2,49,-1.90476524175618,2.2
570,2,50,2.25536434213224,96.3
570,2,51,0.602227880145467,83.8
570,2,52,-0.726450343416412,13.7
570,2,53,-0.0689298166427554,56.1
570,2,54,0.888507426462067,82.9
570,2,55,0.422637090323533,74.8
570,2,56,-1.83385554304503,2.3
570,2,57,-0.20920900784179,45
570,2,58,-0.211773486245382,44.6
570,3,1,2.36747035003263,96.7
570,3,2,NaN,NaN
570,3,3,0.412718388474327,78.7
570,3,4,-0.596071408764924,37.2
570,3,5,-0.437017026265488,42.2
570,3,6,NaN,NaN
570,3,7,1.3244643495241,90.2
570,3,8,NaN,NaN
570,3,9,0.342109749112807,69.4
570,3,10,2.76538796632062,96.8
570,3,11,0.321388750476139,85.6
570,3,12,0.938523873289813,81.6
570,3,13,-0.815880696823536,11.9
570,3,14,NaN,NaN
570,3,15,-0.334091628862332,53.9
570,3,16,-0.229398120369353,64.3
570,3,17,0.837769408613456,84.5
570,3,18,0.229061193183677,66.5
570,3,19,1.77729629140633,92.3
570,3,20,-0.633856041022281,17.5
570,3,21,0.576554135727465,85.9
570,3,22,-0.484660778933176,48.3
570,3,23,0.265459572725988,69.1
570,3,24,-0.814311250247855,4.8
570,3,25,-0.641385292019567,36
570,3,26,NaN,NaN
570,3,27,-0.4236891500577,49.9
570,3,28,NaN,NaN
570,3,29,-0.0780807403285857,68.5
570,3,30,-0.627432049212002,19.3
570,3,31,2.41018337794671,97.6
570,3,32,-0.71451086919879,5.1
570,3,33,-0.0423116020324832,71.5
570,3,34,-0.31967793845464,64
570,3,35,NaN,NaN
570,3,36,-0.276353522888031,47.3
570,3,37,-0.941252142468455,1.2
570,3,38,5.26192540603197,99.7
570,3,39,0.00126678947480144,75.6
570,3,40,0.279032431735422,70.4
570,3,41,1.55612260606294,90.8
570,3,42,-0.444297227110647,38.1
570,3,43,0.577331976435461,75.4
570,3,44,0.194459519863093,67.2
570,3,45,-0.0658449367452836,69.8
570,3,46,0.0548779126860277,63.2
573,1,1,-0.378167856439257,25.4
573,1,2,-0.493225574671528,24.5
573,1,3,-0.34988287376184,34.8
573,1,4,-0.857497007446302,13.4
573,1,5,-0.567026106362495,24.8
573,2,1,0.706534511414646,88.7
573,2,2,-0.0581797421166898,43.4
573,2,3,0.963311619781985,90
573,2,4,-3.20585851285789,1.1
573,2,5,1.21469369581028,92.1
573,2,6,0.92066233616456,88.8
573,2,7,-0.532072206020031,18.1
573,2,8,0.477193019275224,81.3
573,2,9,-2.03184259019357,3.5
573,2,10,-0.468563656103118,19.1
573,2,11,1.78280459379671,95.6
573,2,12,3.03147325242942,98.7
573,2,13,3.6307416039749,99.8
573,2,14,-0.178003087476369,30.3
573,2,15,0.107309842444183,60.5
573,2,16,-1.72277465702518,4.1
573,2,17,-1.12363677065232,9.1
573,2,18,0.684797170864423,87.1
573,2,19,0.23141118971613,71.1
573,2,20,2.23915037970924,97
573,3,1,-0.0862891561414884,34.6
573,3,2,-5.04320207453609,0.4
573,3,3,0.175679439592343,56.1
573,3,4,-2.32665618713729,2.6
573,3,5,-0.764482881243954,16.6
573,3,6,-1.68013674742704,1.3
573,3,7,-1.28158518755957,8.1
573,3,8,-0.55654529021603,23.1
573,3,9,-0.153868830172397,38.9
573,3,10,-0.170909287026957,39.3
573,3,11,0.25957335318184,56.9
573,3,12,1.32872009799166,96.1
573,3,13,1.41960188712191,97.3
573,3,14,0.487712124835665,66.5
573,3,15,-0.597712076442061,25.1
573,3,16,-2.39839973450824,2
573,3,17,0.411367393229825,70.6
573,3,18,-0.0248916477616065,43.3
573,3,19,-0.257188993023245,34.1
573,3,20,0.196753244561165,55.5
573,3,21,-4.54734072901873,0.2
573,3,22,-3.14969165342003,0.9
573,3,23,0.574184993750116,71.3
573,3,24,-3.92347266445803,0.6
573,3,25,-0.321781907247518,27.7
584,1,1,0.369575117044035,72.9
584,1,2,0.700729735732615,82.9
584,1,3,-0.255447908252979,35.4
584,1,4,2.05265925100473,97
584,1,5,-1.29461422181861,8.1
584,1,6,-1.32055774619352,10
584,1,7,-0.809044559316728,17
584,1,8,0.088453314845056,58
584,1,9,0.0515814727599664,53.9
584,1,10,-0.217299379471569,36.9
584,1,11,-0.319471358506259,32.8
584,1,12,0.270342997508329,63.4
584,1,13,-1.50465534528108,5.7
584,1,14,-0.928986282588017,13.5
584,1,15,0.290043361530005,65.8
584,1,16,0.179716093967398,57.7
584,2,1,0.0211357350696664,47.3
584,2,2,1.50233467078533,95.1
584,2,3,-0.125269564214321,51.1
584,2,4,1.18889239090484,98.7
584,2,5,0.0948913057507767,54.2
584,2,6,0.0572362654740455,49
584,2,7,0.972703350065,90.2
584,2,8,0.604845971828533,84.1
584,2,9,-1.38070753869951,7
584,2,10,-1.45813058083144,5.1
584,2,11,-0.59636238591684,16.3
584,2,12,0.270935263329423,65.3
584,2,13,0.623961934335928,82.1
584,3,1,0.404541690381116,93.2
584,3,2,-0.2224690322896,10.9
584,3,3,-0.488077537815957,5.8
584,3,4,-0.0546958025097413,10.2
584,3,5,0.0373701076733934,2.8
584,3,6,0.0283696224704352,4.6
584,3,7,0.0140287967305349,14.4
584,3,8,-6.43646600559259,0.2
584,3,9,0.0378189063133932,2.8
584,3,10,-42.6030120977958,0
584,3,11,0.0157783683362713,3.6
584,3,12,-0.606075736079706,4.2
584,3,13,-0.00549054671165047,5.2
584,3,14,0.0702331586673705,2.3
584,3,15,-0.010852994999789,0.4
584,3,16,0.033102114084216,0.3
584,3,17,25.401435369202,100
584,3,18,3.01576329108796,99.2
584,3,19,3.04876619974415,99.7
584,3,20,26.109940126457,100
584,3,21,8.28809433782695,99.7
584,3,22,-14.9635521916495,0
584,3,23,0.336955536979649,94
584,3,24,-0.0264326915253071,9.9
584,3,25,0.0909119622746805,91.2
584,3,26,-8.19789296857623,0.3
584,3,27,-0.0244184194254536,10.4
584,3,28,0.378196301545921,95.8
584,3,29,0.935113486344123,94.8
584,3,30,-2.86666784569047,1.1
584,3,31,-1.81969533624731,1.3
584,3,32,-0.137779184627293,11.2
585,1,1,-0.0984348031891392,50.5
585,1,2,0.0733827723471696,54.4
585,1,3,-0.212687713868768,34.1
585,1,4,1.0211822779467,84.7
585,1,5,-0.30746967565115,25.1
585,1,6,-0.150700192759311,40.9
585,1,7,-0.646723393771872,9
585,1,8,0.0230004181707649,52.9
585,1,9,-0.00823309551191379,51.1
585,1,10,-0.183394287598074,43.3
585,1,11,0.178794361375269,76.5
585,1,12,-0.502864489936737,30.3
585,1,13,NaN,NaN
585,1,14,0.226301361603762,61.7
585,1,15,0.646260297768842,76.8
585,1,16,NaN,NaN
585,1,17,-0.0714605605731939,53.6
585,1,18,-0.673179378825635,9.9
585,1,19,-0.229609894727629,39.4
585,1,20,-0.332705733510739,36
585,1,21,0.118132349634025,57.9
585,1,22,-0.28827267936561,38
585,1,23,0.00918770841183197,63.4
585,1,24,-0.332283936124844,22.6
585,1,25,-0.431771283837957,30.1
585,1,26,0.542351733198246,78
585,1,27,0.541514982502513,74.1
585,1,28,-0.611070274647249,18.8
585,1,29,-1.28324317520171,8.5
585,1,30,0.82308462286665,81.5
585,1,31,NaN,NaN
585,1,32,-0.100355961166905,46.3
585,1,33,0.591298701653049,73.8
585,1,34,-0.36778877079348,30.8
585,1,35,-0.62376393038403,25.9
585,1,36,-1.63553157761115,4.9
585,1,37,0.528914156494273,72.6
585,1,38,0.260459335239001,63.4
585,1,39,0.701465705651015,79.9
585,1,40,-1.54393441250928,4.3
585,1,41,-0.464027086860184,25.9
585,1,42,2.02681738569187,97.3
585,1,43,-0.267685848397923,36.3
585,1,44,0.239947575756538,62.8
585,1,45,0.61023734653497,75.3
585,2,1,NaN,NaN
585,2,2,-0.172159946089217,53.1
585,2,3,NaN,NaN
585,2,4,NaN,NaN
585,2,5,NaN,NaN
585,2,6,NaN,NaN
585,2,7,-0.0591428630546689,61.3
585,2,8,-1.15073137680263,9.6
585,2,9,NaN,NaN
585,2,10,-1.24655118404357,2.7
585,2,11,2.57458343615817,96.3
585,2,12,0.0338893920061808,63.5
585,2,13,-0.575080076865864,22
585,2,14,0.0500953154293148,58.9
585,2,15,0.00563635626188312,67.4
585,2,16,-0.302362865837552,34.8
585,2,17,0.0525588545277435,69.1
585,2,18,-0.280312016276203,37.7
585,2,19,2.06641163891018,95.2
585,2,20,-0.957837014600032,6.1
585,2,21,NaN,NaN
585,2,22,-0.6654362476797,15.7
585,2,23,NaN,NaN
585,2,24,0.049502129844443,70.4
585,2,25,-0.195213280946194,45.1
585,2,26,-0.74094371481106,18.5
585,2,27,NaN,NaN
585,2,28,-0.122698232055121,54
585,2,29,0.299251512995298,66.3
585,2,30,-0.636645326345406,19.3
585,2,31,-1.51557968347989,3.3
585,2,32,-0.33129644623363,31.5
585,2,33,1.44373743897577,90.5
585,2,34,0.215665834683524,60.5
585,2,35,NaN,NaN
585,2,36,NaN,NaN
585,2,37,-2.6371916050277,0.3
585,2,38,-0.468769227448949,30.3
585,2,39,0.691075981789726,81
585,2,40,NaN,NaN
585,2,41,NaN,NaN
585,2,42,NaN,NaN
585,2,43,0.241860029918072,63.2
585,2,44,NaN,NaN
585,2,45,-1.47285823657385,5.4
585,2,46,-0.472410021201753,29.2
585,2,47,NaN,NaN
585,2,48,-0.569473297071634,19
585,2,49,NaN,NaN
585,2,50,-0.0863625379456203,44.6
585,2,51,0.904044747279671,84.7
585,2,52,-0.134508072442428,44.6
585,2,53,-0.228171547385674,42.1
585,2,54,-1.04173110862628,4.9
585,2,55,-1.53428310551191,2.5
585,2,56,-0.680260177109977,21
585,2,57,1.43015376339059,92
585,2,58,NaN,NaN
585,2,59,0.0109209087768124,69.3
585,2,60,NaN,NaN
585,2,61,2.61593307627542,99
585,2,62,-0.308781103963422,38.5
585,2,63,NaN,NaN
585,2,64,NaN,NaN
585,2,65,1.651624611557,97.1
585,2,66,0.239641358961754,73.6
585,2,67,NaN,NaN
585,2,68,0.351891140828635,75
585,2,69,-0.78220664285803,14.3
585,3,1,1.63671484667212,96.9
585,3,2,2.55065526313998,98.5
585,3,3,3.64773548120818,99.4
585,3,4,0.243857644467239,83.5
585,3,5,2.36212951739613,98.2
585,3,6,1.31496379024016,94.9
585,3,7,-5.19699887880616,0.2
585,3,8,-0.279478194895362,17.6
585,3,9,-2.15227521057959,3.3
585,3,10,-1.59446318943781,3.8
585,3,11,-0.0574355654561026,31.7
585,3,12,1.21196241762084,94.6
585,3,13,2.49007493982805,97.9
585,3,14,-4.47319392269574,0.9
585,3,15,-1.48701380051506,4.7
585,3,16,1.33984928010036,94.9
585,3,17,0.0982995912629765,79.3
585,3,18,6.98858794682765,100
585,3,19,0.236343811822125,82.8
585,3,20,-0.195805263842036,20.3
585,3,21,1.65083836405483,96
585,3,22,-2.09877451184748,2.5
585,3,23,-1.13902255068958,7.2
585,3,24,-0.476110112192891,11.9
585,3,25,0.06870123820405,80.8
585,3,26,-0.069361432716103,34.1
585,3,27,-0.0343492205328176,36.5
585,3,28,-2.23597836200014,2.2
585,3,29,0.0388267962198288,43.7
585,3,30,-0.0151383774882126,26.1
585,3,31,0.813877138716301,92.5
585,3,32,-2.05843020888963,2.9
585,3,33,0.0136632974352094,34.8
585,3,34,0.115698863912808,36.7
585,3,35,-0.864462339853362,9.2
585,3,36,-0.793679368572061,10.8
585,3,37,-2.81708688253391,2.4
585,3,38,0.0573240877117146,38.5
585,3,39,-0.00689916585099672,20.3
585,3,40,-2.31035221106169,1.7
585,3,41,0.92946150369953,91.9
585,3,42,0.014782163920286,25.2
585,3,43,0.0514232003540468,32.6
585,3,44,1.93342203143706,97
585,3,45,-1.90688464248877,3
585,3,46,0.888987097598319,94.3
585,3,47,0.121257801183954,43.2
585,3,48,-7.33772079782056,0.1
585,3,49,0.0270762654805841,32.2
585,3,50,-0.172778907613598,17.5
585,3,51,-1.18068962152412,6.7
585,3,52,-0.17954750775425,18.6
585,3,53,-1.89534925258987,3.2
585,3,54,0.0576144107438105,33.4
585,3,55,0.033710721776227,36.9
585,3,56,-3.08138337046509,1.2
585,3,57,-5.6710249559324,0
585,3,58,-0.0320438306094236,18.2
585,3,59,2.04922981863117,97.2
585,3,60,0.0258410908660222,42.4
585,3,61,-1.27876033689554,5.3
585,3,62,0.622976243368574,91.9
585,3,63,2.79604130873264,98.6
585,3,64,3.3987001573256,99.7
585,3,65,0.0561224341250295,36.6
585,3,66,0.173324504675118,75.8
585,3,67,0.147694616861297,64.6
585,3,68,-0.00173362892915291,43.6
585,3,69,0.127716894543915,40.8
585,3,70,0.0736991000356592,44.4
585,3,71,0.00256712020580343,31
585,3,72,0.0885816985707651,63.7
585,3,73,-0.151375573888432,21
585,3,74,0.0919239694334797,59.7
585,3,75,-0.170042642455335,23.4
585,3,76,1.05392197766984,96.1
585,3,77,0.126255448817689,42
585,3,78,0.651136040349964,92.9
585,3,79,-1.06002195744229,5.7
585,3,80,-2.83749811279876,1.8
585,3,81,0.0151975200470916,40.4
585,3,82,-5.81680754563786,0.2
585,3,83,0.650213685093503,90.8
585,3,84,-0.625539097187428,10.4
585,3,85,0.052439545352599,44.7
585,3,86,0.167517815830727,79.2
585,3,87,0.0102103731121283,30
585,3,88,-1.33861015052856,4.7
585,3,89,0.12508464285089,60.2
585,3,90,-0.815585286889899,7.2
585,3,91,-0.548517669805833,12.5
585,3,92,-0.274723317439956,17.9
585,3,93,0.101259181883507,46.8
585,3,94,-1.38187671410103,5.1
585,3,95,-9.56298203548963,0
585,3,96,-3.52064020755089,1
586,1,1,1.35430712636468,91.1
586,1,2,-0.0770444477224302,47.8
586,1,3,-0.380507658098408,32.1
586,1,4,-1.54936739991624,6.3
586,1,5,0.0782273016644049,58.5
586,1,6,-0.0690708942468088,49.2
586,1,7,-0.599598874562279,22.5
586,1,8,0.18262116443803,64.2
586,1,9,-0.157618810841468,44.4
586,1,10,0.95213481084263,85.3
586,1,11,1.7769160485007,94.3
586,1,12,2.17311138409042,96.9
586,1,13,1.99582951728847,96
586,1,14,-0.185015522472091,44.5
586,1,15,1.03198167765756,86.9
586,1,16,0.655546334973183,79.7
586,1,17,-0.0851539083585953,48.3
586,1,18,0.911570967268878,85.4
586,1,19,3.60950958101076,99.4
586,1,20,-0.830506191927334,17.2
586,1,21,1.30779438214061,91.9
586,1,22,-1.51961032034679,5.1
586,1,23,-0.584849672111696,21.7
586,1,24,-0.0147498461202429,50.7
586,1,25,-2.53584921695251,1.2
586,2,1,-0.980536842460641,2.6
586,2,2,-0.0657968807151176,57.7
586,2,3,1.35691881494013,92.9
586,2,4,1.40233066457365,94.3
586,2,5,NaN,NaN
586,2,6,-0.25778357528072,36.3
586,2,7,0.314915579087526,74.1
586,2,8,-0.382312136750025,31.1
586,2,9,-2.17467643194158,1.8
586,2,10,1.75135080265346,95.5
586,2,11,-2.14406586805221,1.3
586,2,12,-0.094189037758786,56.1
586,2,13,47.3572112723526,100
586,2,14,-3.45523534006886,0.1
586,2,15,-0.584810823039918,22.7
586,2,16,17.424026054734,100
586,2,17,11.2912508731869,100
586,2,18,107.676426375174,100
586,2,19,5.38970017070115,99.8
586,2,20,4.31673699729839,99.7
586,2,21,0.659225328039546,80.3
586,2,22,0.71281237895764,94.6
586,2,23,4.81640934976109,100
586,2,24,1.30003140856127,90
586,2,25,-0.0103244399901448,73.8
586,2,26,0.806637637810249,84.1
586,2,27,-0.864932037271012,13.3
586,2,28,0.663681346229328,86
586,2,29,29.0177941387227,100
586,2,30,-2.29556951989558,0.1
586,3,1,0.572776111868639,82.4
586,3,2,-5.31464376042989,0.3
586,3,3,1.3947781914321,93.9
586,3,4,-0.030365459630432,55.3
586,3,5,-0.05936450326494,43.5
586,3,6,0.352111952365892,80.1
586,3,7,-7.13677780168533,0
586,3,8,2.13825911709166,97.3
586,3,9,0.256279646092277,63.3
586,3,10,0.838121451574512,86.3
586,3,11,1.1384529810176,92.4
586,3,12,0.858966072048144,87.2
586,3,13,2.1450158183496,97.6
586,3,14,0.0580269154550887,56.7
586,3,15,3.76903108132015,99.7
586,3,16,-1.37158356682378,6.5
586,3,17,-2.86706908748952,1.2
586,3,18,3.02912371971197,98.6
586,3,19,0.0275880751068122,48.7
586,3,20,5.75989257607033,100
586,3,21,0.930607718616276,89.3
586,3,22,-2.7339752946793,1.5
586,3,23,-0.837506549409459,12.2
588,1,1,-0.0220585754401846,48.4
588,1,2,-0.279664766472564,35.6
588,1,3,NaN,NaN
588,1,4,-0.237244560997069,38
588,1,5,0.229154781050926,63.3
588,1,6,-0.344041531489178,33.8
588,1,7,-0.315369299506012,32.8
588,1,8,-0.0408953914981908,49.7
588,1,9,0.735127093080202,95.2
588,1,10,-0.264857649955031,35.4
588,1,11,0.107703265830829,57.6
588,1,12,-1.13938538340694,10.7
588,1,13,-0.395018283865451,17.2
588,1,14,1.21865196840833,91.2
588,1,15,NaN,NaN
588,1,16,-0.0889120518406675,54.2
588,1,17,0.386357598516906,71.1
588,1,18,-1.33928143831546,1.9
588,1,19,0.907375720292915,83.8
588,1,20,-0.48651695006187,29.6
588,1,21,0.746754661173516,80.5
588,1,22,-1.3453770636419,8.1
588,1,23,1.94076383782608,96.2
588,1,24,0.670001361347568,79.2
588,1,25,1.68659539355015,94.6
588,1,26,1.60009159383728,94.5
588,1,27,-0.332830404429196,22.9
588,1,28,-0.396495852900705,32.3
588,1,29,-0.186081124407556,43.5
588,1,30,0.198999554663789,62.1
588,1,31,0.117908974332796,58.3
588,1,32,0.179620484691722,65.5
588,1,33,-0.534168867231028,21.5
588,1,34,-0.00354866181195226,65.1
588,1,35,NaN,NaN
588,1,36,1.00020124544448,87
588,2,1,3.01608077396763,99.2
588,2,2,-0.286739632268474,45.6
588,2,3,NaN,NaN
588,2,4,-1.32733779542184,1
588,2,5,2.93752479818761,96.6
588,2,6,1.07704442803029,87.9
588,2,7,0.0344842244745023,62.3
588,2,8,4.20356214589106,98.7
588,2,9,-0.319602913239647,37.7
588,2,10,-0.642572844424259,21.1
588,2,11,0.715953651279931,82.4
588,2,12,-0.807702868104306,5.7
588,2,13,0.0971753977893634,74.4
588,2,14,NaN,NaN
588,2,15,-0.252009630691957,39.5
588,2,16,-0.0632325773533367,52
588,2,17,5.2317965058651,99.9
588,2,18,-0.276591124997553,40.4
588,2,19,-0.518056524032927,26.2
588,2,20,0.73613914481862,82.7
588,2,21,-0.172301661712,42.1
588,2,22,-1.21636499335231,10.4
588,2,23,-0.772768100301942,9.3
588,2,24,-1.14549536163037,8.4
588,2,25,-0.539978845766916,26.3
588,2,26,1.35296464526438,92.7
588,2,27,1.05695270923631,93.8
588,2,28,-0.220588387292491,43.7
588,2,29,-0.907611985814428,12.3
588,2,30,-0.281588307563006,36.1
588,2,31,-2.18477019439332,1.1
588,2,32,0.0664546552651735,64.9
588,2,33,-1.34179436965187,7.2
588,2,34,NaN,NaN
588,2,35,-0.283565614124048,37.4
588,2,36,0.467049745251485,77.1
588,2,37,1.18930212185118,91.1
588,2,38,0.367236791461989,82.4
588,2,39,1.19620234740135,91.8
588,2,40,-1.65795192142879,3
588,2,41,-0.790442077965988,12.6
588,2,42,-0.558949984381989,25.2
588,2,43,-0.0776247009026232,44.1
588,2,44,-1.23193424305691,6.1
588,2,45,-0.0604108413686749,49.8
588,2,46,-0.436681567306667,27.2
588,2,47,0.305239533254719,73.6
588,2,48,-0.0395223391468976,53.4
588,2,49,0.404958079231848,80.9
588,3,1,-0.702635162279406,20.2
588,3,2,NaN,NaN
588,3,3,-0.599687894496463,23.2
588,3,4,-1.51571214377439,2.3
588,3,5,-0.138531054924356,46.7
588,3,6,0.0451737286880597,66.1
588,3,7,-0.832479882739891,16.8
588,3,8,0.0476176527438249,61
588,3,9,-0.882893134729162,14.5
588,3,10,-0.618018053482122,26.7
588,3,11,-0.277255740097598,36.3
588,3,12,0.0660305775154647,68.6
588,3,13,0.301759757453177,67.9
588,3,14,-0.850534332790299,8.8
588,3,15,1.2265553371287,90.6
588,3,16,0.227473008557254,64.6
588,3,17,-0.286948216143785,36.6
588,3,18,0.646989255787271,82.3
588,3,19,0.164059261563223,67.2
588,3,20,0.886746942356567,86.4
588,3,21,0.211502239632743,63.6
588,3,22,-1.25061612071846,7.9
588,3,23,-0.723144328956399,14.3
588,3,24,-0.237058069115579,39.3
588,3,25,-0.234500226441134,40.5
588,3,26,-0.712284123610661,20.2
588,3,27,-0.586033734874909,24.8
588,3,28,-3.21777033305554,0
588,3,29,-0.0121681346021332,51.8
588,3,30,-0.239361171407837,40.4
588,3,31,-0.329199567954824,38
588,3,32,-0.423096145583301,32.9
588,3,33,-0.818530556960845,16.2
588,3,34,-0.567535510061649,19.2
588,3,35,-1.39314078370143,6
588,3,36,0.230274281726509,65.4
588,3,37,0.527403695474844,74.5
588,3,38,0.789795948942212,81.8
588,3,39,-0.553197014269377,23.4
588,3,40,-0.638500923463017,21.5
588,3,41,0.698935574748207,77.7
588,3,42,0.374404354644365,71
588,3,43,0.172213842770032,68.6
588,3,44,-0.157996285084466,48.4
588,3,45,1.30490216622883,89.9
588,3,46,-1.04012109834867,12.2
588,3,47,0.0661418769797448,55.9
588,3,48,0.292248811529037,65
588,3,49,0.201662534784426,61.9
588,3,50,1.16136481624133,89.5
588,3,51,-1.98374521393549,1.9
588,3,52,1.98200026624539,96.6
588,3,53,2.98004628553447,99.8
588,3,54,0.856910880880234,84.7
588,3,55,-0.185554162244603,44
588,3,56,0.940694723743251,86.4
588,3,57,NaN,NaN
588,3,58,0.262579110965071,70
598,1,1,-0.591007236003868,12.4
598,1,2,-0.165956425272872,43.2
598,1,3,0.0487556033358854,63.7
598,1,4,-0.267732172793263,36.9
598,1,5,-0.141305099096349,46.3
598,1,6,0.0531364427369104,55.2
598,1,7,-0.329422803299093,24.2
598,1,8,-0.765744363884665,3
598,1,9,-0.827788780417494,14.5
598,1,10,-0.192322973323798,39.8
598,1,11,0.601936163394273,78.1
598,1,12,-1.63097296562399,5.1
598,1,13,-0.194391661437631,44.4
598,1,14,0.498071209413338,75.7
598,1,15,-0.183972361836762,38.6
598,1,16,-0.611438362602673,20.3
598,1,17,-0.597329411544596,22.1
598,1,18,0.341197257227723,78.7
598,1,19,-0.312993125993278,34.5
598,1,20,-0.0081921957297844,53.8
598,1,21,-0.404017724558236,28.1
598,1,22,-4.36856724557034,0
598,1,23,-1.22504645787004,7.1
598,1,24,-1.97817883547199,2.2
598,1,25,-0.00672123988686106,52.6
598,1,26,-1.1494780161763,1.6
598,1,27,-0.450743192476268,26
598,1,28,-0.538184515738194,24.6
598,1,29,-1.15515684204772,7.2
598,1,30,-0.378568160399118,27.8
598,1,31,0.111279404585036,61.4
598,1,32,-0.466264008086371,25.5
598,1,33,0.594859851769162,78.1
598,1,34,-0.628623549377869,10.9
598,1,35,0.382124697054266,73
598,1,36,0.479886594839644,85.1
598,1,37,0.386561582501966,81.9
598,1,38,-0.98918283978906,7.6
598,1,39,0.0662225466425108,69.2
598,1,40,-0.456589770914318,24.9
598,1,41,0.0844823792040285,60.1
598,1,42,-0.210774399423699,41.4
598,1,43,0.115696762965718,78.7
598,1,44,1.23974624968378,96.3
598,1,45,-0.218154649868493,37.3
598,1,46,-0.809761000630652,5.5
598,1,47,0.065349550536514,73.3
598,2,1,-4.42335895116294,0.7
598,2,2,1.583340194133,95.7
598,2,3,-0.086224202700763,41.8
598,2,4,-0.300455760573577,27.8
598,2,5,7.22759608916042,100
598,2,6,-1.38007001305704,5.9
598,2,7,-1.38786019079328,6
598,2,8,-0.847314479529789,14.8
598,2,9,1.11051517941608,89.9
598,2,10,-0.374166536770901,27
598,2,11,-2.17266703164482,3.2
598,2,12,1.86579565254138,97.2
598,2,13,-0.198718469696675,31.4
598,2,14,-0.775431260476949,17.1
598,2,15,-1.48837042556104,7.2
598,2,16,-0.933760698718663,12.4
598,2,17,-0.844774125841114,15.7
598,2,18,4.68889921460504,100
598,2,19,-4.34226407830016,0.1
598,2,20,-1.47736296214025,5.9
598,2,21,-0.188998925655608,38.1
598,2,22,-0.414345470779875,24.6
598,2,23,1.90551147712647,96.9
598,2,24,0.262375292130575,66
598,2,25,-1.34003213689677,7.7
598,2,26,2.18102834363458,98.8
598,2,27,-1.17002735538135,11
598,2,28,-0.647410611354716,20
598,2,29,-0.109404821964959,37.9
598,2,30,0.0653830128652923,50.3
598,2,31,-0.253182428280299,29.1
598,2,32,-1.17065835532074,10.6
598,2,33,2.39622727721947,98.8
598,2,34,0.517823519752109,76.1
598,2,35,0.283293291222073,67.3
598,2,36,0.0156411885354551,44.2
598,2,37,1.38034167592547,94.6
598,2,38,-1.4510958708302,6.7
598,2,39,-0.290365208298481,28.1
598,2,40,0.123134412725758,56.6
598,2,41,-0.0253421012323681,42.7
598,2,42,0.243794308124879,62.2
598,2,43,0.669583549769729,81.5
598,2,44,-0.803187880205591,14.8
598,2,45,-2.59144360627352,2
598,3,1,-0.322988380420848,49.7
598,3,2,0.948364014567445,84.7
598,3,3,-0.773033366419639,12.8
598,3,4,-0.506422982334296,6.8
598,3,5,-0.00178199878045497,86.2
598,3,6,1.32365174116614,98.6
598,3,7,-0.109469740451034,64.3
598,3,8,-0.0621828010088675,45.8
598,3,9,-0.929415256924338,16.9
598,3,10,-0.250209262608102,20.2
598,3,11,-0.287579225898089,34.9
598,3,12,-0.2131456037849,27.6
598,3,13,-1.38044983611328,8.2
598,3,14,-0.180222086943928,42.9
598,3,15,-0.923428183009408,15.6
598,3,16,-2.17242554374318,1.5
598,3,17,0.462616552240638,71.9
598,3,18,0.146460870504619,64.2
598,3,19,0.244629116201056,63
598,3,20,-0.420688646927475,33.2
598,3,21,-0.58064471383313,24.8
598,3,22,-2.42051759936726,1
598,3,23,0.503465350620325,72.1
598,3,24,-0.542199343126023,25.8
598,3,25,-0.209931799312197,35.5
598,3,26,-0.112508710649869,55.2
598,3,27,1.19323568722186,90.6
598,3,28,0.501728662410764,82.3
598,3,29,-0.254618579982129,28.9
598,3,30,0.335246982668572,79.3
598,3,31,-1.25112429879026,9.3
598,3,32,-1.05096010734413,2
598,3,33,-0.060582385400754,58.9
598,3,34,-0.0287681361818505,53.2
598,3,35,-0.325424849660602,40.4
598,3,36,0.108665926858804,74.8
598,3,37,-1.06042302542835,12.2
598,3,38,-0.520326445888675,27.4
598,3,39,-0.192035302021498,64.7
598,3,40,-0.233046160586795,38.2
599,1,1,NaN,NaN
599,1,2,NaN,NaN
599,1,3,-0.527356080271113,20.5
599,1,4,-0.0751893919566863,50.8
599,1,5,-0.520223692548175,20.6
599,1,6,-0.579898425105477,24.3
599,1,7,1.81550953213585,96.8
599,1,8,-0.913210490000286,4
599,1,9,-0.191500528341802,64
599,1,10,1.79362456692466,98
599,1,11,-0.551231381392853,22.4
599,1,12,-0.377156974014058,32.1
599,1,13,0.452545783980584,73.7
599,1,14,-0.513289303083165,14.3
599,1,15,-0.496983631143105,16.2
599,1,16,0.925535816838165,90.8
599,1,17,5.60164344735874,98.9
599,1,18,-0.433620037799773,24
599,1,19,0.0776231141890348,54.9
599,1,20,-1.42370482174176,2.8
599,1,21,0.505878348326289,80
599,1,22,1.58896790500576,93.7
599,1,23,-0.183323901592537,42.9
599,1,24,-0.304939317526849,32.3
599,1,25,1.81530904583419,96.3
599,1,26,-0.469327461808588,28.4
599,1,27,NaN,NaN
599,1,28,0.301090053253977,74.3
599,1,29,0.603486342732766,77.8
599,1,30,-0.148722135094889,47.8
599,1,31,-1.16175309541608,9.1
599,1,32,0.692134745889145,85.6
599,1,33,0.245571042387931,65.6
599,1,34,-0.427650966689402,24.8
599,1,35,2.2664395525172,97.6
599,1,36,-1.07929015374359,5.3
599,1,37,-0.199638845596532,50
599,2,1,-0.0303762391243751,46.2
599,2,2,-0.278177669553184,32.7
599,2,3,1.70962660809679,96.1
599,2,4,0.319119838634372,68.7
599,2,5,2.13473027375378,97.3
599,2,6,-1.06454066804631,13.1
599,2,7,-1.3696511892033,8.2
599,2,8,0.802543501388733,82.6
599,2,9,-0.56404340063804,27.1
599,2,10,-0.0906706712570154,44.8
599,2,11,1.90356379693414,97.4
599,2,12,0.187859323463684,55.7
599,2,13,-0.952655868726986,16.9
599,2,14,0.235467498634065,59
599,2,15,-0.572399076210712,25.3
599,2,16,0.831842171021817,84.1
599,2,17,0.00167825035329583,44.4
599,2,18,0.600178357869848,75.1
599,2,19,0.487102691157598,72.2
599,2,20,0.25830520054194,65.6
599,2,21,0.710005717697169,80.9
599,2,22,-0.712072999884309,22
599,2,23,0.205156474501626,57.2
599,2,24,0.46105418137832,72.4
599,2,25,2.0713378613732,97.4
599,2,26,0.377998155375694,66
599,2,27,-0.0724244493881498,42.1
599,2,28,0.0681276888688404,46
599,2,29,-0.587234227452955,22.6
599,2,30,-1.35659035839409,10.3
599,2,31,0.459207903250484,72.7
599,2,32,-1.27075801820432,8.4
599,2,33,3.25687851291755,99.6
599,2,34,-0.428671932459052,27.3
599,2,35,-1.06670259033927,12.6
599,2,36,-1.50693285125061,6.1
599,2,37,0.212221037133761,55.6
599,2,38,0.392493021574249,66.6
599,3,1,-3.80887317700333,1.6
599,3,2,-0.756496066066463,13.6
599,3,3,-4.1988404030825,1.1
599,3,4,0.0497362986669034,38.3
599,3,5,0.225060497054657,45.9
599,3,6,-0.679255313522432,13.8
599,3,7,-0.753537236985566,12
599,3,8,-5.80704456040715,0.3
599,3,9,-0.500038994968464,17.9
599,3,10,0.152941486845855,40.5
599,3,11,0.418190013213762,49.1
599,3,12,0.470611234191871,50.6
599,3,13,0.798173650412986,96
599,3,14,0.38534545660324,46.5
599,3,15,0.572443664399817,86
599,3,16,-3.4156592109886,1.4
599,3,17,-3.76294551389273,1.9
599,3,18,-0.774915537464459,9.6
599,3,19,-6.10438970546099,0.4
599,3,20,0.465169414966533,51.6
599,3,21,-0.517687091524342,17.6
599,3,22,0.544089790112421,88.9
599,3,23,0.435693095622551,49.8
599,3,24,-0.209016506568952,24.6
599,3,25,0.324030604832542,47.3
599,3,26,0.397004828042414,49.1
599,3,27,-2.9374072836861,0.8
599,3,28,0.0322179804623909,32.9
599,3,29,0.399080228862651,79.6
